<?xml version="1.0" encoding="UTF-8"?>
<beans xmlns="http://www.springframework.org/schema/beans"
xmlns:xsi="http://www.w3.org/2001/XMLSchema-instance"
xsi:schemaLocation="http://www.springframework.org/schema/beans
http://www.springframework.org/schema/beans/spring-beans.xsd">

 <bean id="replacer"  class="com.nt.replacer.SpecialDaysDiscount">
      <constructor-arg value="18"/>
 </bean>
  <bean id="hotel"  class="com.nt.beans.Hotel">
   <!--   <replaced-method name="calHotelPrice" replacer="replacer">
          <arg-type>float</arg-type>
     </replaced-method> -->
  </bean>
  
</beans>