<?xml version="1.0" encoding="UTF-8"?>
<beans xmlns="http://www.springframework.org/schema/beans"
	xmlns:xsi="http://www.w3.org/2001/XMLSchema-instance"
	xsi:schemaLocation="http://www.springframework.org/schema/beans http://www.springframework.org/schema/beans/spring-beans-4.3.xsd">

    <!-- Cfg AuthManager -->
    <bean id="authManager"  class="com.nt.aspect.AuthenticationManager">
        <constructor-arg name="dao"  ref="authDAO"/>
    </bean>
    <!--  Cfg Advice class -->
    <bean id="securityAdvice" class="com.nt.aspect.SecurityCheckAdvice">
       <constructor-arg name="manager"  ref="authManager"/>
    </bean> 
    <!-- ProxyFactory bean     -->
    <bean id="pfb"  class="org.springframework.aop.framework.ProxyFactoryBean">
       <property name="target"  ref="bankService"/>
       <property name="interceptorNames">
          <array>
             <value>securityAdvice</value>
          </array>
       </property>
    </bean>
</beans>
