<?xml version="1.0" encoding="UTF-8"?>
<beans xmlns="http://www.springframework.org/schema/beans"
	xmlns:xsi="http://www.w3.org/2001/XMLSchema-instance"
	xsi:schemaLocation="http://www.springframework.org/schema/beans http://www.springframework.org/schema/beans/spring-beans-4.3.xsd">

   <bean id="dbcpDs"  class="org.apache.commons.dbcp2.BasicDataSource">
       <property name="driverClassName"  value="oracle.jdbc.driver.OracleDriver"/>
       <property name="url"  value="jdbc:oracle:thin:@localhost:1521:xe"/>
       <property name="username"  value="system"/>
       <property name="password"  value="manager"/>
   </bean>
   <bean id="template"  class="org.springframework.jdbc.core.JdbcTemplate">
       <property name="dataSource" ref="dbcpDs"/>
   </bean>
   <bean id="authDAO"  class="com.nt.dao.AuthenticateDAOImpl">
        <constructor-arg name="jt" ref="template"/>
   </bean>
   <bean id="bankDAO"  class="com.nt.dao.BankDAOImpl">
        <constructor-arg name="jt" ref="template"/>
   </bean>

</beans>
