<?xml version="1.0" encoding="UTF-8"?>
<beans xmlns="http://www.springframework.org/schema/beans"
	xmlns:xsi="http://www.w3.org/2001/XMLSchema-instance"
	xsi:schemaLocation="http://www.springframework.org/schema/beans http://www.springframework.org/schema/beans/spring-beans-4.3.xsd">
   <!-- target Bean cfg -->
   <bean id="store"  class="com.nt.service.OnlineStore"/>
   <!-- Advice Bean cfg -->
   <bean id="cupon"  class="com.nt.aspect.DiscountCuponGeneratorAdvice"/>
   
   <!-- Cfg ProxyFactoryBean -->
   <bean id="pfb"  class="org.springframework.aop.framework.ProxyFactoryBean">
        <property name="target"  ref="store"/>
        <property name="interceptorNames">
          <array>
             <value>cupon</value>
          </array>
        </property>
   </bean>

</beans>
