<?xml version="1.0" encoding="UTF-8"?>
<beans xmlns="http://www.springframework.org/schema/beans"
	xmlns:xsi="http://www.w3.org/2001/XMLSchema-instance"
	xsi:schemaLocation="http://www.springframework.org/schema/beans http://www.springframework.org/schema/beans/spring-beans-4.3.xsd">

  <bean id="tomcatDBCP"  class="org.apache.tomcat.jdbc.pool.DataSource">
     <property name="driverClassName" value="oracle.jdbc.driver.OracleDriver"/>
      <property name="url" value="jdbc:oracle:thin:@localhost:1521:xe"/>
      <property name="username" value="system"/>
       <property name="password" value="manager"/>
  </bean>
  <bean id="template"  class="org.springframework.jdbc.core.JdbcTemplate">
     <property name="dataSource"  value="#{tomcatDBCP}"/>
  </bean>
  <!-- <bean id="empDAO"  class="com.nt.dao.EmployeeDAOImpl">
      <constructor-arg  value="#{template}"/>
  </bean>
 -->
<!--   <bean id="empDAO"  class="com.nt.dao.EmployeeDAOImpl1">
      <constructor-arg  value="#{template}"/>
  </bean>
 -->
 <!-- <bean id="empDAO"  class="com.nt.dao.EmployeeDAOImpl2">
      <constructor-arg  value="#{template}"/>
  </bean> -->
  
   <!-- <bean id="empDAO"  class="com.nt.dao.EmployeeDAOImpl3">
      <constructor-arg  value="#{template}"/>
  </bean>
   -->
    <bean id="empDAO"  class="com.nt.dao.EmployeeDAOImpl4">
      <constructor-arg  value="#{template}"/>
  </bean>
   
 </beans>
