<?xml version="1.0" encoding="UTF-8"?>
<beans xmlns="http://www.springframework.org/schema/beans"
	xmlns:xsi="http://www.w3.org/2001/XMLSchema-instance"
	xsi:schemaLocation="http://www.springframework.org/schema/beans http://www.springframework.org/schema/beans/spring-beans-4.3.xsd">

  <!-- Advice class cfg -->
  <bean id="expLoggerAdvice" class="com.nt.aspect.CommonExceptionLogger"/>
  
  <!-- Target class cfg -->
  <bean id="bac"  class="com.nt.service.BillAmountCalculator"/>
  
  <!-- Cfg ProxyFactoryBean -->
  <bean id="pfb"  class="org.springframework.aop.framework.ProxyFactoryBean">
    <property name="target"  ref="bac"/>
    <property name="interceptorNames">
      <array>
        <value>expLoggerAdvice</value>
      </array>
    </property>
  
  </bean>
  

</beans>
