<?xml version="1.0" encoding="UTF-8"?>
<beans xmlns="http://www.springframework.org/schema/beans"
	xmlns:xsi="http://www.w3.org/2001/XMLSchema-instance"
	xmlns:batch="http://www.springframework.org/schema/batch"
	xsi:schemaLocation="http://www.springframework.org/schema/beans http://www.springframework.org/schema/beans/spring-beans.xsd
		http://www.springframework.org/schema/batch http://www.springframework.org/schema/batch/spring-batch.xsd">

<bean id="flatFileItemReader" class="org.springframework.batch.item.file.FlatFileItemReader" scope="step">
		<property name="resource" value="classpath:com/nt/csv/graduates.csv" />

		<property name="lineMapper">
			<bean class="org.springframework.batch.item.file.mapping.DefaultLineMapper">
				<property name="lineTokenizer">
					<!-- A tokenizer class to be used when items in input record are separated 
						by specific characters -->
					<bean
						class="org.springframework.batch.item.file.transform.DelimitedLineTokenizer">
						<property name="delimiter" value="," />
					</bean>
				</property>
				<property name="fieldSetMapper">
					<!-- Mapper which maps each individual items in a record to properties 
						in POJO -->
					<bean class="com.nt.mapper.ExamResultFieldSetMapper" />
				</property>
			</bean>
		</property>
	</bean>
	
	<!-- XML ItemWriter which writes the data in XML format -->
	<bean id="xmlItemWriter" class="org.springframework.batch.item.xml.StaxEventItemWriter">
		
		<property name="resource" value="file:xml/fineGrainedGraduates.xml" />
		
		<property name="rootTagName" value="TopResults" />
		<property name="marshaller">
			<bean class="org.springframework.oxm.jaxb.Jaxb2Marshaller">
				<property name="classesToBeBound">
					<list>
						<value>com.nt.model.ExamResult</value>
					</list>
				</property>
			</bean>
		</property>

	</bean>
	<!-- Item Processor -->
	<bean id="itemProcessor" class="com.nt.processor.ExamResultItemProcessor"/>
	
	<batch:job id="job"  job-repository="jobRep">
	   <batch:step id="step1" >
	     <batch:tasklet transaction-manager="txMgmr">
	        <batch:chunk reader="flatFileItemReader" writer="xmlItemWriter" processor="itemProcessor" commit-interval="2"/>
	     </batch:tasklet>
	   </batch:step>
	</batch:job>
</beans>
