<?xml version="1.0" encoding="UTF-8"?>
<beans xmlns="http://www.springframework.org/schema/beans"
	xmlns:xsi="http://www.w3.org/2001/XMLSchema-instance"
	xsi:schemaLocation="http://www.springframework.org/schema/beans
	  http://www.springframework.org/schema/beans/spring-beans-4.3.xsd">
	  <!-- Cfg target class -->
	  <bean id="loanApprover"  class="com.nt.target.BankLoanApprover"/>
	  <!-- Cfg Advice class -->
	  <bean id="auditAdvice"  class="com.nt.aspect.LoanAuditingAdvice"/>
	  
	  <!-- Cfg ProxyFactoryBean class -->
	  <bean id="pfb"  class="org.springframework.aop.framework.ProxyFactoryBean">
	     <property name="target"  ref="loanApprover"/>
	     <property name="interceptorNames">
	       <array>
	         <value>auditAdvice</value>
	       </array>
	     </property>
	  </bean>
	  
	  


</beans>
